date_utc,title_guess,url,status,track
2025-11-03 11:00:37,The Courage To Be Disliked At Work Holding Boundaries Speaking Truth In Professional Spaces,https://5minsbliss.com/the-courage-to-be-disliked-at-work-holding-boundaries-speaking-truth-in-professional-spaces/,queued,legacy-repurpose
2025-11-06 11:00:36,Vermilion Birds Fire Ignite Your Inner Passion Let The Flame Within Propel You Forward,https://5minsbliss.com/vermilion-birds-fire-ignite-your-inner-passion-let-the-flame-within-propel-you-forward/,queued,legacy-repurpose
2025-11-10 11:00:52,Xuanwus Guard The Art Of Building Emotional Boundaries Begin By Protecting Within So Connections Stay Safe,https://5minsbliss.com/xuanwus-guard-the-art-of-building-emotional-boundaries-begin-by-protecting-within-so-connections-stay-safe/,queued,legacy-repurpose
2025-11-13 11:00:43,White Tigers Wind Facing Challenges Pressure Head On Let Your Storm Become Your Strength,https://5minsbliss.com/white-tigers-wind-facing-challenges-pressure-head-on-let-your-storm-become-your-strength/,queued,legacy-repurpose
2025-11-17 11:00:59,Cangjies Word The Art Of Self Expression In Communication Let Your Voice Be Heard Clearly,https://5minsbliss.com/cangjies-word-the-art-of-self-expression-in-communication-let-your-voice-be-heard-clearly/,queued,legacy-repurpose
2025-11-20 11:00:23,Pixius Trust Attracting Positive Energy Walk With Opportunities And Abundance,https://5minsbliss.com/pixius-trust-attracting-positive-energy-walk-with-opportunities-and-abundance/,queued,legacy-repurpose
2025-11-24 11:00:41,Qilins Kindness Empathy Forgiveness Let Your Heart Become The Bridge Of Understanding,https://5minsbliss.com/qilins-kindness-empathy-forgiveness-let-your-heart-become-the-bridge-of-understanding/,queued,legacy-repurpose
2025-11-27 11:00:32,Lotus Of Stillness Practice Staying Present Let Your Soul Bloom Like The Lotus,https://5minsbliss.com/lotus-of-stillness-practice-staying-present-let-your-soul-bloom-like-the-lotus/,queued,legacy-repurpose
2025-12-01 11:00:37,Bodhidharmas Stillness Patience Perseverance As A Cultivation Rooted In Storms Growing Through Time,https://5minsbliss.com/bodhidharmas-stillness-patience-perseverance-as-a-cultivation-rooted-in-storms-growing-through-time/,queued,legacy-repurpose
2025-12-04 11:00:08,Xihes Light Cultivating A Sunlit Mindset For Everyday Life Let Your Inner Dawn Drive Your Day,https://5minsbliss.com/xihes-light-cultivating-a-sunlit-mindset-for-everyday-life-let-your-inner-dawn-drive-your-day/,queued,legacy-repurpose
2025-12-08 11:00:32,Mountain Gods Blessing Grounding A Sense Of Safety Find Your Roots And Protection In The Rhythm Of The Earth,https://5minsbliss.com/mountain-gods-blessing-grounding-a-sense-of-safety-find-your-roots-and-protection-in-the-rhythm-of-the-earth/,queued,legacy-repurpose
2025-12-11 11:00:12,Water Dragons Flow Emotional Self Acceptance Let Your Inner Currents Become Your Strength,https://5minsbliss.com/water-dragons-flow-emotional-self-acceptance-let-your-inner-currents-become-your-strength/,queued,legacy-repurpose
2025-12-15 11:00:58,Phoenix Rebirth Rising From Adversity From Ashes To Wings Let Your Life Soar Again,https://5minsbliss.com/phoenix-rebirth-rising-from-adversity-from-ashes-to-wings-let-your-life-soar-again/,queued,legacy-repurpose
2025-12-18 11:00:55,Cao Es River Letting Go Flowing Learn To Release The Stones And Let Life Carry You Forward,https://5minsbliss.com/cao-es-river-letting-go-flowing-learn-to-release-the-stones-and-let-life-carry-you-forward/,queued,legacy-repurpose
2025-12-22 11:00:23,The Grace Of Pine And Crane Cultivating Steady Confidence In A Shaky World,https://5minsbliss.com/the-grace-of-pine-and-crane-cultivating-steady-confidence-in-a-shaky-world/,queued,legacy-repurpose
2025-12-25 04:41:05,Merry Christmas,https://5minsbliss.com/merry-christmas/,queued,legacy-repurpose
2025-12-25 11:00:06,Dream Tapir Guards Dreams Crossing Anxiety Sleepless Nights How To Let The Night Be Your Friend Not Your Fear,https://5minsbliss.com/dream-tapir-guards-dreams-crossing-anxiety-sleepless-nights-how-to-let-the-night-be-your-friend-not-your-fear/,queued,legacy-repurpose
2025-12-29 11:00:12,Jade Rabbits Alchemy Cultivating Habits With Gentle Precision Transforming Small Daily Actions Into Your Power Elixir,https://5minsbliss.com/jade-rabbits-alchemy-cultivating-habits-with-gentle-precision-transforming-small-daily-actions-into-your-power-elixir/,queued,legacy-repurpose
2026-01-01 03:35:32,Happy New Year 2026,https://5minsbliss.com/happy-new-year-2026/,queued,legacy-repurpose
2026-01-05 11:00:39,The Guiding Deer Finding Your Path When Life Overwhelms You With Options Let The Silent Footprints Point The Way,https://5minsbliss.com/the-guiding-deer-finding-your-path-when-life-overwhelms-you-with-options-let-the-silent-footprints-point-the-way/,queued,legacy-repurpose
2026-01-08 11:00:26,Incense Lion At The Hall Protecting The Innocence Within When The Guardian Lion Stands At Your Threshold Your Pure Heart Remains Inviolate,https://5minsbliss.com/incense-lion-at-the-hall-protecting-the-innocence-within-when-the-guardian-lion-stands-at-your-threshold-your-pure-heart-remains-inviolate/,queued,legacy-repurpose
2026-01-12 11:00:19,Ascendant Bird Of Longevity The Seed Of Sustainable Hope Cultivating A Lifelong Light Within,https://5minsbliss.com/ascendant-bird-of-longevity-the-seed-of-sustainable-hope-cultivating-a-lifelong-light-within/,queued,legacy-repurpose
2026-01-15 11:00:40,Bamboo Shadows Sway Responding To Conflict With Gentle Strength How To Bend Without Breaking In Tough Conversations,https://5minsbliss.com/bamboo-shadows-sway-responding-to-conflict-with-gentle-strength-how-to-bend-without-breaking-in-tough-conversations/,queued,legacy-repurpose
2026-01-19 11:00:32,Stage Whispers The Authentic Self Beneath The Masks How To Perform The Roles You Choose And Still Be You,https://5minsbliss.com/stage-whispers-the-authentic-self-beneath-the-masks-how-to-perform-the-roles-you-choose-and-still-be-you/,queued,legacy-repurpose
2026-01-22 11:00:47,Moon Toad Moonlight Healing Your Time Of Solitude When The Silver Radius Of The Moon Meets The Quiet Of Your Heart Let The Moons Companion Walk With You,https://5minsbliss.com/moon-toad-moonlight-healing-your-time-of-solitude-when-the-silver-radius-of-the-moon-meets-the-quiet-of-your-heart-let-the-moons-companion-walk-with-you/,queued,legacy-repurpose
2026-01-26 11:00:13,Sun Birds Daydance Radiating Confidence Presence Like The Golden Crow Riding The Sun Chariot Let Your Light Step Forward Let Your Presence Be Felt,https://5minsbliss.com/sun-birds-daydance-radiating-confidence-presence-like-the-golden-crow-riding-the-sun-chariot-let-your-light-step-forward-let-your-presence-be-felt/,queued,legacy-repurpose
2026-01-29 11:00:35,Stone Lion At The Gate Courage To Face The Unknown How To Stand Firm When Lifes Doors Open To What You Cant See,https://5minsbliss.com/stone-lion-at-the-gate-courage-to-face-the-unknown-how-to-stand-firm-when-lifes-doors-open-to-what-you-cant-see/,queued,legacy-repurpose
2026-02-02 11:00:29,Cloud Crane Chases The Wind Express Your Freedom When Your Spirit Is Like The Clouds And Your Voice Like A Cranes Cry Let Your Expression Soar With The Breeze,https://5minsbliss.com/cloud-crane-chases-the-wind-express-your-freedom-when-your-spirit-is-like-the-clouds-and-your-voice-like-a-cranes-cry-let-your-expression-soar-with-the-breeze/,queued,legacy-repurpose
2026-02-05 11:00:37,Copper Bell Clarity The Healing Power Of Language Let Your Voice Ring Like A Clear Bell Reverberating Through Your Inner Halls And Soothing The Corners Of Your Being,https://5minsbliss.com/copper-bell-clarity-the-healing-power-of-language-let-your-voice-ring-like-a-clear-bell-reverberating-through-your-inner-halls-and-soothing-the-corners-of-your-being/,queued,legacy-repurpose
2026-02-09 11:00:45,Bagua Wisdom The Balance Principle In Life Decisions When You Stand At Lifes Crossroads Let The Eight Symbol Wisdom Guide You And Let Balance Be Your Decision Compass,https://5minsbliss.com/bagua-wisdom-the-balance-principle-in-life-decisions-when-you-stand-at-lifes-crossroads-let-the-eight-symbol-wisdom-guide-you-and-let-balance-be-your-decision-compass/,queued,legacy-repurpose
2026-02-12 11:00:29,Princess Iron Fan Mastering The Art Of Relationship Boundaries Like The Iron Fan She Wields You Learn When To Open The Breeze And When To Keep The Wind Still So You Hold Your Me While C,https://5minsbliss.com/princess-iron-fan-mastering-the-art-of-relationship-boundaries-like-the-iron-fan-she-wields-you-learn-when-to-open-the-breeze-and-when-to-keep-the-wind-still-so-you-hold-your-me-while-c/,queued,legacy-repurpose
2026-02-16 11:00:36,Kun Peng Soars Psychological Breakthrough When The Fish Becomes The Great Bird Your Inner Self Shifts From Depth To Sky,https://5minsbliss.com/kun-peng-soars-psychological-breakthrough-when-the-fish-becomes-the-great-bird-your-inner-self-shifts-from-depth-to-sky/,queued,legacy-repurpose
2026-02-19 11:00:01,The Three Moves Of Mencius Mother How Your Growth Environment Shapes Your Emotional Developmental Path,https://5minsbliss.com/the-three-moves-of-mencius-mother-how-your-growth-environment-shapes-your-emotional-developmental-path/,queued,legacy-repurpose
2026-02-23 11:00:57,Han Xins Muster Awakening Your Self Value How Knowing Your Troops Inner Strengths Transforms Your Sense Of Worth,https://5minsbliss.com/han-xins-muster-awakening-your-self-value-how-knowing-your-troops-inner-strengths-transforms-your-sense-of-worth/,queued,legacy-repurpose
2026-02-26 11:00:17,Wang Zhaojuns Journey Sacrifice Choice In Communication When You Speak For The Sake Of Connection You Sometimes Give Up A Part Of Yourself And Yet You Gain Another Kind Of Voice,https://5minsbliss.com/wang-zhaojuns-journey-sacrifice-choice-in-communication-when-you-speak-for-the-sake-of-connection-you-sometimes-give-up-a-part-of-yourself-and-yet-you-gain-another-kind-of-voice/,queued,legacy-repurpose
2026-03-02 11:00:20,Zhang Liangs Apprenticeship Learning Mindset Adjustment When You Choose Who To Learn From How To Learn And The Attitude With Which You Learn Youre Stepping Into A Turning Point Of Growt,https://5minsbliss.com/zhang-liangs-apprenticeship-learning-mindset-adjustment-when-you-choose-who-to-learn-from-how-to-learn-and-the-attitude-with-which-you-learn-youre-stepping-into-a-turning-point-of-growt/,queued,legacy-repurpose
2026-03-05 11:00:14,Gan Luos Genius Believing In Your Potential When Youre Ready To Expect More Of Yourself Your Inner Spark Begins To Burn Bright,https://5minsbliss.com/gan-luos-genius-believing-in-your-potential-when-youre-ready-to-expect-more-of-yourself-your-inner-spark-begins-to-burn-bright/,queued,legacy-repurpose
2026-03-09 11:00:38,Yu The Greats Flood Taming The Art Of Persistence When Facing Difficulties,https://5minsbliss.com/yu-the-greats-flood-taming-the-art-of-persistence-when-facing-difficulties/,queued,legacy-repurpose
2026-03-12 11:00:45,Li Sao The Art Of Releasing Negative Emotions When The Inner Tide Swells How Do We Let It Flow And Create Instead Of Suppress,https://5minsbliss.com/li-sao-the-art-of-releasing-negative-emotions-when-the-inner-tide-swells-how-do-we-let-it-flow-and-create-instead-of-suppress/,queued,legacy-repurpose
2026-03-16 11:00:39,Yao Shuns Message The Craft Of Leadership Listening True Leadership Isnt Just Speaking Its Listening First Then Acting With Purpose,https://5minsbliss.com/yao-shuns-message-the-craft-of-leadership-listening-true-leadership-isnt-just-speaking-its-listening-first-then-acting-with-purpose/,queued,legacy-repurpose
2026-03-19 11:00:07,Hua Tuos Healing Way Five Steps To Healing The Soul When You Treat The Body Dont Forget To Treat The Heart,https://5minsbliss.com/hua-tuos-healing-way-five-steps-to-healing-the-soul-when-you-treat-the-body-dont-forget-to-treat-the-heart/,queued,legacy-repurpose
